{"stat.walkOneCm":55789,"stat.pickup.minecraft.stick":4,"stat.leaveGame":2,"stat.pickup.minecraft.gravel":22,"stat.pickup.minecraft.flint":2,"stat.useItem.minecraft.gravel":11,"stat.jump":78,"stat.swimOneCm":5752,"stat.pickup.minecraft.fence":1,"stat.mineBlock.minecraft.ladder":1,"stat.climbOneCm":2207,"stat.fallOneCm":448,"stat.crouchOneCm":243,"stat.pickup.minecraft.sapling":2,"stat.pickup.minecraft.dirt":1,"stat.sprintOneCm":2763,"stat.useItem.minecraft.stone_slab2":2,"stat.pickup.minecraft.rotten_flesh":1,"stat.mineBlock.minecraft.fence":1,"stat.damageTaken":35,"stat.pickup.notreepunching.rock/stone":3,"stat.waystones:waystonesActivated":1,"stat.mobKills":1,"stat.drop.notreepunching.rock/stone":3,"stat.flyOneCm":32040,"stat.drop":3,"stat.mineBlock.minecraft.leaves":23,"stat.pickup.minecraft.potato":1,"stat.playOneMinute":15330,"stat.pickup.minecraft.torch":1,"stat.mineBlock.minecraft.gravel":22,"stat.sneakTime":108,"stat.damageDealt":55,"stat.killEntity.Zombie":1,"stat.sleepInBed":1,"stat.timeSinceDeath":15330,"stat.mineBlock.minecraft.dirt":1,"stat.mineBlock.minecraft.tallgrass":5,"stat.diveOneCm":2220}