{"stat.pickup.minecraft.rotten_flesh":1,"stat.walkOneCm":33554,"stat.pickup.minecraft.stick":4,"stat.leaveGame":1,"stat.mineBlock.minecraft.fence":1,"stat.pickup.minecraft.gravel":11,"stat.damageTaken":35,"stat.pickup.notreepunching.rock/stone":3,"stat.waystones:waystonesActivated":1,"stat.mobKills":1,"stat.drop.notreepunching.rock/stone":3,"stat.flyOneCm":760,"stat.drop":3,"stat.jump":49,"stat.swimOneCm":5147,"stat.mineBlock.minecraft.leaves":23,"stat.pickup.minecraft.potato":1,"stat.pickup.minecraft.fence":1,"stat.playOneMinute":6465,"stat.climbOneCm":1233,"stat.fallOneCm":448,"stat.pickup.minecraft.torch":1,"stat.mineBlock.minecraft.gravel":11,"stat.sneakTime":11,"stat.damageDealt":55,"stat.crouchOneCm":106,"stat.killEntity.Zombie":1,"stat.timeSinceDeath":6465,"stat.pickup.minecraft.sapling":2,"stat.pickup.minecraft.dirt":1,"stat.sprintOneCm":2763,"stat.mineBlock.minecraft.dirt":1,"stat.mineBlock.minecraft.tallgrass":4,"stat.diveOneCm":1924}